fips,d04022021
1001,63.0
1003,96.0
1005,7.0
1007,9.0
1009,40.0
1011,6.0
1013,19.0
1015,41.0
1017,8.0
1019,10.0
1021,34.0
1023,0.0
1025,-7.0
1027,5.0
1029,5.0
1031,15.0
1033,26.0
1035,0.0
1037,9.0
1039,11.0
1041,7.0
1043,55.0
1045,20.0
1047,3.0
1049,12.0
1051,90.0
1053,8.0
1055,19.0
1057,8.0
1059,4.0
1061,13.0
1063,1.0
1065,9.0
1067,6.0
1069,48.0
1071,24.0
1073,456.0
1075,10.0
1077,72.0
1079,17.0
1081,73.0
1083,52.0
1085,5.0
1087,10.0
1089,218.0
1091,7.0
1093,15.0
1095,47.0
1097,135.0
1099,8.0
1101,261.0
1103,31.0
1105,6.0
1107,8.0
1109,10.0
1111,17.0
1113,23.0
1115,50.0
1117,167.0
1119,5.0
1121,78.0
1123,30.0
1125,110.0
1127,34.0
1129,3.0
1131,-4.0
1133,8.0
4001,331.0
4003,83.0
4005,119.0
4007,37.0
4009,8.0
4011,1.0
4012,5.0
4013,2378.0
4015,127.0
4017,98.0
4019,712.0
4021,515.0
4023,49.0
4025,38.0
4027,73.0
5001,6.0
5003,11.0
5005,21.0
5007,146.0
5009,10.0
5011,7.0
5013,0.0
5015,8.0
5017,1.0
5019,5.0
5021,2.0
5023,9.0
5025,3.0
5027,8.0
5029,5.0
5031,44.0
5033,22.0
5035,29.0
5037,8.0
5039,0.0
5041,2.0
5043,5.0
5045,69.0
5047,13.0
5049,2.0
5051,18.0
5053,8.0
5055,26.0
5057,11.0
5059,30.0
5061,5.0
5063,12.0
5065,6.0
5067,7.0
5069,19.0
5071,9.0
5073,0.0
5075,5.0
5077,3.0
5079,6.0
5081,6.0
5083,0.0
5085,21.0
5087,2.0
5089,6.0
5091,20.0
5093,16.0
5095,3.0
5097,1.0
5099,0.0
5101,2.0
5103,5.0
5105,4.0
5107,4.0
5109,0.0
5111,5.0
5113,5.0
5115,37.0
5117,0.0
5119,146.0
5121,15.0
5123,23.0
5125,43.0
5127,1.0
5129,4.0
5131,48.0
5133,3.0
5135,5.0
5137,1.0
5139,30.0
5141,10.0
5143,114.0
5145,25.0
5147,4.0
5149,1.0
6001,756.0
6003,2.0
6005,41.0
6007,86.0
6009,21.0
6011,4.0
6013,616.0
6015,77.0
6017,99.0
6019,901.0
6021,31.0
6023,35.0
6025,196.0
6027,9.0
6029,417.0
6031,87.0
6033,34.0
6035,7.0
6037,3777.0
6039,94.0
6041,115.0
6043,2.0
6045,18.0
6047,389.0
6049,2.0
6051,10.0
6053,138.0
6055,104.0
6057,103.0
6059,928.0
6061,402.0
6063,12.0
6065,772.0
6067,1654.0
6069,36.0
6071,1033.0
6073,2197.0
6075,279.0
6077,825.0
6079,162.0
6081,316.0
6083,260.0
6085,832.0
6087,21.0
6089,136.0
6091,0.0
6093,19.0
6095,321.0
6097,204.0
6099,714.0
6101,50.0
6103,66.0
6105,10.0
6107,195.0
6109,16.0
6111,329.0
6113,87.0
6115,63.0
8001,694.0
8003,11.0
8005,927.0
8007,16.0
8009,0.0
8011,0.0
8013,534.0
8014,91.0
8015,14.0
8017,-1.0
8019,11.0
8021,1.0
8023,1.0
8025,6.0
8027,5.0
8029,23.0
8031,1279.0
8033,0.0
8035,676.0
8037,132.0
8039,33.0
8041,1433.0
8043,40.0
8045,91.0
8047,5.0
8049,20.0
8051,27.0
8053,-1.0
8055,4.0
8057,0.0
8059,749.0
8061,1.0
8063,8.0
8065,7.0
8067,98.0
8069,693.0
8071,6.0
8073,3.0
8075,27.0
8077,72.0
8079,0.0
8081,12.0
8083,23.0
8085,16.0
8087,18.0
8089,6.0
8091,3.0
8093,9.0
8095,6.0
8097,95.0
8099,0.0
8101,331.0
8103,15.0
8105,6.0
8107,38.0
8109,6.0
8111,1.0
8113,3.0
8115,2.0
8117,123.0
8119,43.0
8121,3.0
8123,521.0
8125,12.0
9001,2647.0
9003,1687.0
9005,546.0
9007,304.0
9009,2733.0
9011,407.0
9013,233.0
9015,159.0
10001,406.0
10003,1553.0
10005,304.0
11001,982.0
12001,314.0
12003,21.0
12005,-10.0
12007,13.0
12009,705.0
12011,5046.0
12013,8.0
12015,313.0
12017,125.0
12019,145.0
12021,663.0
12023,63.0
12027,58.0
12029,7.0
12031,838.0
12033,237.0
12035,172.0
12037,2.0
12039,18.0
12041,14.0
12043,2.0
12045,10.0
12047,7.0
12049,21.0
12051,19.0
12053,256.0
12055,131.0
12057,2923.0
12059,6.0
12061,141.0
12063,21.0
12065,7.0
12067,2.0
12069,508.0
12071,1354.0
12073,211.0
12075,61.0
12077,5.0
12079,4.0
12081,673.0
12083,338.0
12085,207.0
12086,8509.0
12087,147.0
12089,47.0
12091,104.0
12093,62.0
12095,2707.0
12097,731.0
12099,2624.0
12101,782.0
12103,1579.0
12105,1125.0
12107,56.0
12109,285.0
12111,403.0
12113,97.0
12115,671.0
12117,785.0
12119,134.0
12121,17.0
12123,0.0
12125,6.0
12127,1181.0
12129,12.0
12131,59.0
12133,18.0
13001,12.0
13003,18.0
13005,13.0
13007,1.0
13009,36.0
13011,11.0
13013,83.0
13015,176.0
13017,7.0
13019,12.0
13021,76.0
13023,5.0
13025,9.0
13027,7.0
13029,35.0
13031,30.0
13033,12.0
13035,68.0
13037,8.0
13039,24.0
13043,1.0
13045,122.0
13047,109.0
13049,2.0
13051,214.0
13053,137.0
13055,36.0
13057,436.0
13059,70.0
13061,5.0
13063,263.0
13065,5.0
13067,979.0
13069,17.0
13071,46.0
13073,120.0
13075,15.0
13077,88.0
13079,9.0
13081,7.0
13083,21.0
13085,28.0
13087,20.0
13089,867.0
13091,5.0
13093,4.0
13095,66.0
13097,174.0
13099,8.0
13101,0.0
13103,36.0
13105,3.0
13107,3.0
13109,3.0
13111,37.0
13113,61.0
13115,86.0
13117,294.0
13119,14.0
13121,1079.0
13123,17.0
13125,1.0
13127,56.0
13129,72.0
13131,7.0
13133,3.0
13135,857.0
13137,14.0
13139,164.0
13141,4.0
13143,19.0
13145,20.0
13147,6.0
13149,4.0
13151,263.0
13153,85.0
13155,7.0
13157,74.0
13159,5.0
13161,11.0
13163,6.0
13165,3.0
13167,1.0
13169,7.0
13171,9.0
13173,0.0
13175,18.0
13177,4.0
13179,72.0
13181,6.0
13183,16.0
13185,95.0
13187,16.0
13189,11.0
13191,9.0
13193,13.0
13195,15.0
13197,0.0
13199,16.0
13201,11.0
13205,17.0
13207,20.0
13209,3.0
13211,47.0
13213,65.0
13215,197.0
13217,95.0
13219,30.0
13221,8.0
13223,215.0
13225,15.0
13227,25.0
13229,10.0
13231,25.0
13233,40.0
13235,6.0
13237,7.0
13239,1.0
13241,13.0
13243,0.0
13245,144.0
13247,73.0
13249,6.0
13251,7.0
13253,8.0
13255,56.0
13257,9.0
13259,5.0
13261,7.0
13263,4.0
13265,0.0
13267,14.0
13269,7.0
13271,6.0
13273,2.0
13275,25.0
13277,23.0
13279,13.0
13281,8.0
13283,3.0
13285,69.0
13287,5.0
13289,3.0
13291,13.0
13293,24.0
13295,120.0
13297,89.0
13299,39.0
13301,2.0
13303,3.0
13305,31.0
13307,2.0
13309,5.0
13311,19.0
13313,148.0
13315,3.0
13317,2.0
13319,3.0
13321,10.0
16001,574.0
16003,0.0
16005,130.0
16007,1.0
16009,1.0
16011,58.0
16013,34.0
16015,8.0
16017,22.0
16019,328.0
16021,3.0
16023,4.0
16025,0.0
16027,213.0
16029,14.0
16031,12.0
16033,1.0
16035,2.0
16037,3.0
16039,51.0
16041,36.0
16043,13.0
16045,6.0
16047,10.0
16049,2.0
16051,81.0
16053,6.0
16055,101.0
16057,21.0
16059,0.0
16061,1.0
16063,1.0
16065,121.0
16067,7.0
16069,10.0
16071,3.0
16073,3.0
16075,16.0
16077,4.0
16079,6.0
16081,21.0
16083,36.0
16085,6.0
16087,7.0
17001,15.0
17003,4.0
17005,12.0
17007,63.0
17009,2.0
17011,30.0
17013,3.0
17015,24.0
17017,11.0
17019,261.0
17021,27.0
17023,10.0
17025,7.0
17027,15.0
17029,44.0
17031,8077.0
17033,20.0
17035,14.0
17037,121.0
17039,19.0
17041,9.0
17043,1411.0
17045,6.0
17047,4.0
17049,34.0
17051,15.0
17053,8.0
17055,33.0
17057,156.0
17059,4.0
17061,5.0
17063,54.0
17065,7.0
17067,5.0
17069,2.0
17071,5.0
17073,65.0
17075,14.0
17077,49.0
17079,4.0
17081,31.0
17083,22.0
17085,37.0
17087,7.0
17089,716.0
17091,127.0
17093,205.0
17095,52.0
17097,758.0
17099,149.0
17101,15.0
17103,93.0
17105,45.0
17107,45.0
17109,53.0
17111,301.0
17113,437.0
17115,104.0
17117,25.0
17119,281.0
17121,17.0
17123,23.0
17125,24.0
17127,1.0
17129,27.0
17131,9.0
17133,40.0
17135,18.0
17137,23.0
17139,8.0
17141,140.0
17143,802.0
17145,10.0
17147,8.0
17149,1.0
17151,4.0
17153,0.0
17155,3.0
17157,26.0
17159,18.0
17161,222.0
17163,188.0
17165,31.0
17167,239.0
17169,2.0
17171,2.0
17173,12.0
17175,4.0
17177,66.0
17179,431.0
17181,1.0
17183,65.0
17185,6.0
17187,19.0
17189,8.0
17191,6.0
17193,13.0
17195,185.0
17197,969.0
17199,54.0
17201,423.0
17203,135.0
18001,34.0
18003,513.0
18005,63.0
18007,3.0
18009,16.0
18011,52.0
18013,5.0
18015,19.0
18017,30.0
18019,87.0
18021,10.0
18023,30.0
18025,11.0
18027,4.0
18029,26.0
18031,17.0
18033,29.0
18035,84.0
18037,18.0
18039,313.0
18041,9.0
18043,64.0
18045,13.0
18047,8.0
18049,14.0
18051,53.0
18053,52.0
18055,6.0
18057,393.0
18059,76.0
18061,35.0
18063,144.0
18065,29.0
18067,115.0
18069,27.0
18071,78.0
18073,67.0
18075,6.0
18077,13.0
18079,14.0
18081,191.0
18083,15.0
18085,102.0
18087,8.0
18089,472.0
18091,212.0
18093,9.0
18095,96.0
18097,784.0
18099,58.0
18101,2.0
18103,29.0
18105,183.0
18107,46.0
18109,51.0
18111,10.0
18113,35.0
18115,4.0
18117,9.0
18119,4.0
18121,12.0
18123,8.0
18125,1.0
18127,195.0
18129,13.0
18131,6.0
18133,29.0
18135,17.0
18137,8.0
18139,10.0
18141,689.0
18143,11.0
18145,6.0
18147,10.0
18149,30.0
18151,45.0
18153,7.0
18155,1.0
18157,315.0
18159,21.0
18161,2.0
18163,133.0
18165,2.0
18167,77.0
18169,27.0
18171,1.0
18173,57.0
18175,39.0
18177,36.0
18179,50.0
18181,14.0
18183,45.0
19001,1.0
19003,2.0
19005,3.0
19007,7.0
19009,6.0
19011,15.0
19013,110.0
19015,26.0
19017,13.0
19019,19.0
19021,12.0
19023,3.0
19025,5.0
19027,14.0
19029,6.0
19031,32.0
19033,35.0
19035,12.0
19037,5.0
19039,8.0
19041,49.0
19043,11.0
19045,65.0
19047,15.0
19049,124.0
19051,4.0
19053,3.0
19055,36.0
19057,19.0
19059,80.0
19061,146.0
19063,32.0
19065,5.0
19067,13.0
19069,8.0
19071,11.0
19073,3.0
19075,4.0
19077,27.0
19079,7.0
19081,9.0
19083,14.0
19085,15.0
19087,13.0
19089,2.0
19091,6.0
19093,5.0
19095,7.0
19097,15.0
19099,32.0
19101,4.0
19103,175.0
19105,16.0
19107,4.0
19109,22.0
19111,11.0
19113,140.0
19115,6.0
19117,1.0
19119,19.0
19121,10.0
19123,9.0
19125,16.0
19127,18.0
19129,14.0
19131,12.0
19133,11.0
19135,5.0
19137,6.0
19139,60.0
19141,21.0
19143,11.0
19145,14.0
19147,23.0
19149,62.0
19151,4.0
19153,679.0
19155,180.0
19157,6.0
19159,2.0
19161,14.0
19163,377.0
19165,11.0
19167,41.0
19169,150.0
19171,3.0
19173,0.0
19175,10.0
19177,8.0
19179,22.0
19181,65.0
19183,16.0
19185,3.0
19187,15.0
19189,3.0
19191,19.0
19193,196.0
19195,6.0
19197,8.0
20001,9.0
20003,0.0
20005,19.0
20007,1.0
20009,0.0
20011,27.0
20013,6.0
20015,39.0
20017,1.0
20019,0.0
20021,11.0
20023,2.0
20025,0.0
20027,1.0
20029,-1.0
20031,2.0
20033,0.0
20035,3.0
20037,26.0
20039,0.0
20041,5.0
20043,2.0
20045,74.0
20047,3.0
20049,0.0
20051,5.0
20053,1.0
20055,10.0
20057,20.0
20059,6.0
20061,24.0
20063,0.0
20065,13.0
20067,3.0
20069,0.0
20071,0.0
20073,0.0
20075,1.0
20077,-2.0
20079,27.0
20081,1.0
20083,1.0
20085,7.0
20087,17.0
20089,0.0
20091,385.0
20093,2.0
20095,3.0
20097,-1.0
20099,-8.0
20101,1.0
20103,43.0
20105,0.0
20107,10.0
20109,0.0
20111,27.0
20113,12.0
20115,1.0
20117,2.0
20119,0.0
20121,1.0
20123,0.0
20125,5.0
20127,6.0
20129,0.0
20131,2.0
20133,4.0
20135,0.0
20137,-1.0
20139,3.0
20141,0.0
20143,1.0
20145,0.0
20147,-1.0
20149,20.0
20151,0.0
20153,0.0
20155,10.0
20157,0.0
20159,2.0
20161,21.0
20163,-1.0
20165,3.0
20167,2.0
20169,27.0
20171,1.0
20173,213.0
20175,8.0
20177,147.0
20179,0.0
20181,0.0
20183,1.0
20185,0.0
20187,0.0
20189,3.0
20191,4.0
20193,0.0
20195,0.0
20197,-2.0
20199,0.0
20201,0.0
20203,0.0
20205,2.0
20207,4.0
20209,115.0
21001,87.0
21003,46.0
21005,1.0
21007,9.0
21009,46.0
21011,19.0
21013,41.0
21015,116.0
21017,12.0
21019,32.0
21021,33.0
21023,2.0
21025,11.0
21027,5.0
21029,319.0
21031,22.0
21033,26.0
21035,10.0
21037,65.0
21039,1.0
21041,12.0
21043,33.0
21045,11.0
21047,90.0
21049,23.0
21051,17.0
21053,16.0
21055,9.0
21057,9.0
21059,112.0
21061,17.0
21063,6.0
21065,12.0
21067,282.0
21069,8.0
21071,47.0
21073,20.0
21075,5.0
21077,6.0
21079,7.0
21081,23.0
21083,5.0
21085,17.0
21087,12.0
21089,21.0
21091,3.0
21093,63.0
21095,75.0
21097,16.0
21099,26.0
21101,40.0
21103,10.0
21105,5.0
21107,56.0
21109,9.0
21111,469.0
21113,35.0
21115,17.0
21117,126.0
21119,10.0
21121,60.0
21123,0.0
21125,130.0
21127,24.0
21129,25.0
21131,14.0
21133,64.0
21135,13.0
21137,26.0
21139,9.0
21141,29.0
21143,13.0
21145,73.0
21147,49.0
21149,4.0
21151,71.0
21153,22.0
21155,9.0
21157,42.0
21159,14.0
21161,17.0
21163,29.0
21165,11.0
21167,17.0
21169,6.0
21171,9.0
21173,22.0
21175,25.0
21177,25.0
21179,13.0
21181,12.0
21183,16.0
21185,68.0
21187,0.0
21189,11.0
21191,-3.0
21193,49.0
21195,42.0
21197,45.0
21199,44.0
21201,4.0
21203,8.0
21205,31.0
21207,13.0
21209,126.0
21211,28.0
21213,60.0
21215,-28.0
21217,28.0
21219,17.0
21221,15.0
21223,6.0
21225,9.0
21227,182.0
21229,5.0
21231,35.0
21233,10.0
21235,75.0
21237,1.0
21239,17.0
22001,22.0
22003,12.0
22005,98.0
22007,3.0
22009,17.0
22011,36.0
22013,0.0
22015,33.0
22017,99.0
22019,276.0
22021,2.0
22023,2.0
22025,16.0
22027,14.0
22029,17.0
22031,2.0
22033,281.0
22035,1.0
22037,8.0
22039,20.0
22041,-1.0
22043,20.0
22045,28.0
22047,21.0
22049,9.0
22051,130.0
22053,31.0
22055,143.0
22057,17.0
22059,4.0
22061,27.0
22063,80.0
22065,0.0
22067,6.0
22069,16.0
22071,154.0
22073,45.0
22075,21.0
22077,34.0
22079,35.0
22081,3.0
22083,9.0
22085,19.0
22087,20.0
22089,24.0
22091,8.0
22093,10.0
22095,12.0
22097,41.0
22099,41.0
22101,59.0
22103,107.0
22105,70.0
22107,-1.0
22109,34.0
22111,6.0
22113,38.0
22115,20.0
22117,26.0
22119,7.0
22121,44.0
22123,-1.0
22125,-1.0
22127,20.0
23001,201.0
23003,42.0
23005,366.0
23007,24.0
23009,57.0
23011,185.0
23013,24.0
23015,26.0
23017,112.0
23019,188.0
23021,13.0
23023,35.0
23025,73.0
23027,33.0
23029,12.0
23031,354.0
24001,68.0
24003,909.0
24005,1763.0
24009,56.0
24011,33.0
24013,243.0
24015,108.0
24017,207.0
24019,26.0
24021,325.0
24023,12.0
24025,625.0
24027,446.0
24029,14.0
24031,838.0
24033,1289.0
24035,37.0
24037,75.0
24039,13.0
24041,25.0
24043,280.0
24045,69.0
24047,62.0
24510,1519.0
25001,671.0
25003,264.0
25005,1344.0
25009,1558.0
25011,67.0
25013,1220.0
25015,200.0
25017,3039.0
25021,1224.0
25023,1128.0
25025,2045.0
25027,1303.0
26001,32.0
26003,10.0
26005,385.0
26007,53.0
26009,87.0
26011,25.0
26013,4.0
26015,205.0
26017,378.0
26019,24.0
26021,407.0
26023,83.0
26025,506.0
26027,162.0
26029,54.0
26031,93.0
26033,114.0
26035,76.0
26037,322.0
26039,72.0
26041,74.0
26043,36.0
26045,585.0
26047,104.0
26049,1973.0
26051,68.0
26053,13.0
26055,229.0
26057,124.0
26059,98.0
26061,49.0
26063,253.0
26065,1234.0
26067,207.0
26069,95.0
26071,12.0
26073,236.0
26075,824.0
26077,742.0
26079,58.0
26081,2105.0
26083,0.0
26085,34.0
26087,617.0
26089,22.0
26091,296.0
26093,760.0
26095,30.0
26097,13.0
26099,6090.0
26101,37.0
26103,116.0
26105,108.0
26107,145.0
26109,15.0
26111,206.0
26113,89.0
26115,735.0
26117,260.0
26119,16.0
26121,391.0
26123,170.0
26125,5127.0
26127,85.0
26129,40.0
26131,1.0
26133,115.0
26135,34.0
26137,174.0
26139,1229.0
26141,40.0
26143,86.0
26145,569.0
26147,1443.0
26149,117.0
26151,311.0
26153,25.0
26155,310.0
26157,380.0
26159,183.0
26161,964.0
26163,7194.0
26165,131.0
27001,17.0
27003,873.0
27005,61.0
27007,69.0
27009,155.0
27011,8.0
27013,155.0
27015,96.0
27017,59.0
27019,336.0
27021,34.0
27023,6.0
27025,88.0
27027,170.0
27029,8.0
27031,4.0
27033,39.0
27035,170.0
27037,1137.0
27039,40.0
27041,96.0
27043,24.0
27045,21.0
27047,72.0
27049,86.0
27051,11.0
27053,2713.0
27055,4.0
27057,13.0
27059,127.0
27061,108.0
27063,71.0
27065,26.0
27067,88.0
27069,4.0
27071,31.0
27073,14.0
27075,9.0
27077,16.0
27079,79.0
27081,14.0
27083,68.0
27085,75.0
27087,19.0
27089,9.0
27091,40.0
27093,50.0
27095,101.0
27097,95.0
27099,65.0
27101,13.0
27103,77.0
27105,19.0
27107,6.0
27109,136.0
27111,95.0
27113,7.0
27115,51.0
27117,13.0
27119,36.0
27121,44.0
27123,710.0
27125,3.0
27127,45.0
27129,30.0
27131,138.0
27133,10.0
27135,38.0
27137,357.0
27139,545.0
27141,327.0
27143,35.0
27145,423.0
27147,76.0
27149,4.0
27151,31.0
27153,33.0
27155,13.0
27157,19.0
27159,15.0
27161,37.0
27163,470.0
27165,14.0
27167,15.0
27169,22.0
27171,477.0
27173,26.0
28001,16.0
28003,15.0
28005,8.0
28007,2.0
28009,1.0
28011,29.0
28013,10.0
28015,0.0
28017,7.0
28019,2.0
28021,4.0
28023,15.0
28025,3.0
28027,12.0
28029,40.0
28031,5.0
28033,164.0
28035,33.0
28037,8.0
28039,6.0
28041,0.0
28043,5.0
28045,37.0
28047,104.0
28049,124.0
28051,8.0
28053,0.0
28055,0.0
28057,17.0
28059,57.0
28061,7.0
28063,5.0
28065,3.0
28067,20.0
28069,6.0
28071,56.0
28073,32.0
28075,59.0
28077,9.0
28079,6.0
28081,21.0
28083,7.0
28085,29.0
28087,15.0
28089,49.0
28091,6.0
28093,36.0
28095,9.0
28097,0.0
28099,12.0
28101,20.0
28103,1.0
28105,19.0
28107,10.0
28109,22.0
28111,2.0
28113,18.0
28115,6.0
28117,2.0
28119,-1.0
28121,59.0
28123,19.0
28125,0.0
28127,15.0
28129,3.0
28131,7.0
28133,10.0
28135,2.0
28137,18.0
28139,12.0
28141,29.0
28143,5.0
28145,8.0
28147,4.0
28149,24.0
28151,1.0
28153,7.0
28155,3.0
28157,1.0
28159,6.0
28161,24.0
28163,16.0
29001,13.0
29003,6.0
29005,4.0
29007,0.0
29009,8.0
29011,-1.0
29013,10.0
29015,9.0
29017,-1.0
29019,49.0
29021,33.0
29023,19.0
29025,6.0
29027,16.0
29029,11.0
29031,16.0
29033,1.0
29035,4.0
29037,57.0
29039,1.0
29041,4.0
29043,27.0
29045,3.0
29047,46.0
29049,5.0
29051,25.0
29053,5.0
29055,54.0
29057,5.0
29059,2.0
29061,1.0
29063,1.0
29065,9.0
29067,3.0
29069,28.0
29071,102.0
29073,11.0
29075,3.0
29077,138.0
29079,-1.0
29081,2.0
29083,10.0
29085,1.0
29087,0.0
29089,3.0
29091,24.0
29093,0.0
29095,246.0
29097,57.0
29099,305.0
29101,15.0
29103,8.0
29105,6.0
29107,10.0
29109,10.0
29111,4.0
29113,80.0
29115,5.0
29117,1.0
29119,16.0
29121,21.0
29123,0.0
29125,9.0
29127,18.0
29129,1.0
29131,9.0
29133,11.0
29135,1.0
29137,-1.0
29139,7.0
29141,2.0
29143,14.0
29145,18.0
29147,19.0
29149,0.0
29151,12.0
29153,2.0
29155,2.0
29157,14.0
29159,6.0
29161,53.0
29163,6.0
29165,29.0
29167,46.0
29169,13.0
29171,1.0
29173,4.0
29175,11.0
29177,10.0
29179,2.0
29181,13.0
29183,508.0
29185,3.0
29186,18.0
29187,24.0
29189,976.0
29195,8.0
29197,0.0
29199,0.0
29201,12.0
29203,2.0
29205,12.0
29207,6.0
29209,13.0
29211,1.0
29213,10.0
29215,2.0
29217,28.0
29219,24.0
29221,7.0
29223,4.0
29225,12.0
29227,0.0
29229,4.0
29510,265.0
30001,2.0
30003,38.0
30005,0.0
30007,13.0
30009,2.0
30011,0.0
30013,41.0
30015,0.0
30017,4.0
30019,0.0
30021,0.0
30023,7.0
30025,1.0
30027,2.0
30029,50.0
30031,271.0
30033,0.0
30035,5.0
30037,0.0
30039,1.0
30041,4.0
30043,4.0
30045,2.0
30047,13.0
30049,37.0
30051,0.0
30053,14.0
30055,1.0
30057,0.0
30059,1.0
30061,-1.0
30063,107.0
30065,4.0
30067,15.0
30069,0.0
30071,0.0
30073,1.0
30075,0.0
30077,9.0
30079,8.0
30081,38.0
30083,15.0
30085,6.0
30087,2.0
30089,5.0
30091,5.0
30093,49.0
30095,1.0
30097,3.0
30099,0.0
30101,0.0
30103,0.0
30105,2.0
30107,0.0
30109,1.0
30111,90.0
31001,41.0
31003,9.0
31005,0.0
31007,0.0
31009,0.0
31011,17.0
31013,1.0
31015,1.0
31017,3.0
31019,54.0
31021,9.0
31023,13.0
31025,71.0
31027,6.0
31029,2.0
31031,23.0
31033,3.0
31035,6.0
31037,11.0
31039,15.0
31041,1.0
31043,33.0
31045,2.0
31047,21.0
31049,0.0
31051,6.0
31053,68.0
31055,1362.0
31057,1.0
31059,8.0
31061,5.0
31063,2.0
31065,1.0
31067,18.0
31069,1.0
31071,1.0
31073,0.0
31075,0.0
31077,1.0
31079,111.0
31081,14.0
31083,4.0
31085,0.0
31087,8.0
31089,22.0
31091,1.0
31093,4.0
31095,12.0
31097,3.0
31099,4.0
31101,6.0
31103,3.0
31105,-1.0
31107,9.0
31109,427.0
31111,40.0
31113,0.0
31115,0.0
31117,0.0
31119,31.0
31121,4.0
31123,0.0
31125,7.0
31127,10.0
31129,1.0
31131,21.0
31133,2.0
31135,4.0
31137,19.0
31139,6.0
31141,106.0
31143,16.0
31145,7.0
31147,9.0
31149,0.0
31151,13.0
31153,538.0
31155,47.0
31157,17.0
31159,146.0
31161,4.0
31163,0.0
31165,0.0
31167,2.0
31169,2.0
31171,0.0
31173,13.0
31175,3.0
31177,33.0
31179,13.0
31181,1.0
31183,1.0
31185,13.0
32001,17.0
32003,1410.0
32005,26.0
32007,26.0
32009,0.0
32011,0.0
32013,14.0
32015,0.0
32017,0.0
32019,35.0
32021,0.0
32023,6.0
32027,0.0
32029,2.0
32031,241.0
32033,5.0
32510,56.0
33001,72.0
33003,70.0
33005,74.0
33007,49.0
33009,128.0
33011,842.0
33013,248.0
33015,664.0
33017,300.0
33019,37.0
34001,853.0
34003,3643.0
34005,1370.0
34007,1370.0
34009,269.0
34011,224.0
34013,3292.0
34015,771.0
34017,2716.0
34019,484.0
34021,837.0
34023,2729.0
34025,2528.0
34027,1611.0
34029,2377.0
34031,2199.0
34033,145.0
34035,1038.0
34037,757.0
34039,2032.0
34041,363.0
35001,517.0
35003,1.0
35005,30.0
35006,9.0
35007,5.0
35009,14.0
35011,1.0
35013,231.0
35015,27.0
35017,29.0
35019,5.0
35021,0.0
35023,3.0
35025,38.0
35027,7.0
35028,5.0
35029,17.0
35031,10.0
35033,0.0
35035,60.0
35037,1.0
35039,17.0
35041,7.0
35043,158.0
35045,83.0
35047,5.0
35049,55.0
35051,2.0
35053,5.0
35055,14.0
35057,10.0
35059,1.0
35061,65.0
36001,462.0
36003,48.0
36005,5264.0
36007,354.0
36009,133.0
36011,67.0
36013,153.0
36015,135.0
36017,129.0
36019,153.0
36021,72.0
36023,54.0
36025,134.0
36027,929.0
36029,3070.0
36031,32.0
36033,43.0
36035,106.0
36037,86.0
36039,80.0
36041,2.0
36043,53.0
36045,83.0
36047,8319.0
36049,80.0
36051,64.0
36053,83.0
36055,1247.0
36057,134.0
36059,4403.0
36061,4426.0
36063,474.0
36065,240.0
36067,559.0
36069,157.0
36071,1619.0
36073,43.0
36075,141.0
36077,133.0
36079,349.0
36081,8694.0
36083,267.0
36085,2251.0
36087,1145.0
36089,78.0
36091,432.0
36093,252.0
36095,40.0
36097,32.0
36099,27.0
36101,143.0
36103,5099.0
36105,252.0
36107,90.0
36109,118.0
36111,535.0
36113,95.0
36115,118.0
36117,131.0
36119,3225.0
36121,58.0
36123,13.0
37001,255.0
37003,85.0
37005,6.0
37007,19.0
37009,25.0
37011,44.0
37013,27.0
37015,6.0
37017,25.0
37019,71.0
37021,186.0
37023,55.0
37025,310.0
37027,38.0
37029,0.0
37031,98.0
37033,21.0
37035,144.0
37037,53.0
37039,60.0
37041,-1.0
37043,5.0
37045,88.0
37047,27.0
37049,86.0
37051,366.0
37053,8.0
37055,33.0
37057,193.0
37059,41.0
37061,39.0
37063,299.0
37065,97.0
37067,245.0
37069,100.0
37071,254.0
37073,5.0
37075,-1.0
37077,57.0
37079,7.0
37081,710.0
37083,70.0
37085,192.0
37087,54.0
37089,67.0
37091,3.0
37093,41.0
37095,2.0
37097,205.0
37099,18.0
37101,216.0
37103,15.0
37105,64.0
37107,14.0
37109,109.0
37111,20.0
37113,41.0
37115,16.0
37117,15.0
37119,1384.0
37121,9.0
37123,13.0
37125,81.0
37127,189.0
37129,343.0
37131,24.0
37133,125.0
37135,86.0
37137,19.0
37139,19.0
37141,47.0
37143,1.0
37145,25.0
37147,108.0
37149,14.0
37151,153.0
37153,43.0
37155,74.0
37157,60.0
37159,176.0
37161,37.0
37163,97.0
37165,14.0
37167,92.0
37169,22.0
37171,59.0
37173,12.0
37175,50.0
37177,0.0
37179,322.0
37181,60.0
37183,1175.0
37185,21.0
37187,8.0
37189,86.0
37191,70.0
37193,43.0
37195,115.0
37197,17.0
37199,9.0
38001,1.0
38003,18.0
38005,2.0
38007,0.0
38009,1.0
38011,0.0
38013,2.0
38015,102.0
38017,504.0
38019,3.0
38021,6.0
38023,0.0
38025,0.0
38027,0.0
38029,0.0
38031,0.0
38033,1.0
38035,115.0
38037,2.0
38039,0.0
38041,0.0
38043,0.0
38045,0.0
38047,9.0
38049,2.0
38051,1.0
38053,13.0
38055,2.0
38057,1.0
38059,39.0
38061,6.0
38063,3.0
38065,0.0
38067,12.0
38069,0.0
38071,9.0
38073,5.0
38075,2.0
38077,26.0
38079,1.0
38081,6.0
38083,7.0
38085,0.0
38087,0.0
38089,31.0
38091,1.0
38093,16.0
38095,2.0
38097,6.0
38099,17.0
38101,53.0
38103,3.0
38105,20.0
39001,17.0
39003,98.0
39005,47.0
39007,77.0
39009,64.0
39011,31.0
39013,155.0
39015,14.0
39017,248.0
39019,10.0
39021,41.0
39023,240.0
39025,166.0
39027,16.0
39029,53.0
39031,20.0
39033,29.0
39035,1715.0
39037,38.0
39039,41.0
39041,269.0
39043,89.0
39045,185.0
39047,19.0
39049,1640.0
39051,52.0
39053,27.0
39055,79.0
39057,222.0
39059,26.0
39061,698.0
39063,141.0
39065,25.0
39067,10.0
39069,25.0
39071,25.0
39073,20.0
39075,6.0
39077,58.0
39079,33.0
39081,94.0
39083,64.0
39085,245.0
39087,33.0
39089,211.0
39091,30.0
39093,352.0
39095,831.0
39097,35.0
39099,255.0
39101,57.0
39103,217.0
39105,14.0
39107,18.0
39109,74.0
39111,27.0
39113,402.0
39115,1.0
39117,22.0
39119,98.0
39121,8.0
39123,65.0
39125,13.0
39127,28.0
39129,50.0
39131,29.0
39133,213.0
39135,29.0
39137,53.0
39139,104.0
39141,115.0
39143,68.0
39145,48.0
39147,53.0
39149,26.0
39151,308.0
39153,867.0
39155,214.0
39157,32.0
39159,63.0
39161,16.0
39163,3.0
39165,196.0
39167,34.0
39169,106.0
39171,21.0
39173,174.0
39175,20.0
40001,0.0
40003,4.0
40005,18.0
40007,4.0
40009,5.0
40011,3.0
40013,19.0
40015,14.0
40017,97.0
40019,53.0
40021,37.0
40023,3.0
40025,6.0
40027,221.0
40029,2.0
40031,238.0
40033,4.0
40035,4.0
40037,32.0
40039,5.0
40041,24.0
40043,3.0
40045,1.0
40047,24.0
40049,18.0
40051,31.0
40053,1.0
40055,1.0
40057,5.0
40059,0.0
40061,2.0
40063,11.0
40065,28.0
40067,4.0
40069,1.0
40071,35.0
40073,5.0
40075,1.0
40077,0.0
40079,23.0
40081,23.0
40083,13.0
40085,7.0
40087,26.0
40089,11.0
40091,11.0
40093,0.0
40095,31.0
40097,24.0
40099,3.0
40101,24.0
40103,1.0
40105,3.0
40107,2.0
40109,486.0
40111,10.0
40113,40.0
40115,47.0
40117,5.0
40119,40.0
40121,13.0
40123,18.0
40125,58.0
40127,2.0
40129,0.0
40131,52.0
40133,14.0
40135,21.0
40137,21.0
40139,11.0
40141,8.0
40143,306.0
40145,22.0
40147,55.0
40149,3.0
40151,1.0
40153,10.0
41001,44.0
41003,62.0
41005,266.0
41007,17.0
41009,66.0
41011,55.0
41013,17.0
41015,24.0
41017,127.0
41019,89.0
41021,0.0
41023,18.0
41025,9.0
41027,3.0
41029,237.0
41031,10.0
41033,100.0
41035,102.0
41037,6.0
41039,177.0
41041,26.0
41043,82.0
41045,9.0
41047,184.0
41049,7.0
41051,454.0
41053,62.0
41055,0.0
41057,34.0
41059,27.0
41061,26.0
41063,4.0
41065,3.0
41067,317.0
41069,0.0
41071,55.0
42001,276.0
42003,2768.0
42005,103.0
42007,345.0
42009,40.0
42011,1175.0
42013,177.0
42015,131.0
42017,1907.0
42019,403.0
42021,181.0
42023,6.0
42025,162.0
42027,477.0
42029,1281.0
42031,41.0
42033,286.0
42035,109.0
42037,85.0
42039,58.0
42041,354.0
42043,505.0
42045,1365.0
42047,75.0
42049,297.0
42051,272.0
42053,4.0
42055,296.0
42057,23.0
42059,93.0
42061,82.0
42063,106.0
42065,52.0
42067,47.0
42069,524.0
42071,1306.0
42073,173.0
42075,275.0
42077,1040.0
42079,674.0
42081,312.0
42083,54.0
42085,102.0
42087,68.0
42089,556.0
42091,1799.0
42093,29.0
42095,1050.0
42097,151.0
42099,97.0
42101,3755.0
42103,162.0
42105,9.0
42107,279.0
42109,36.0
42111,83.0
42113,7.0
42115,106.0
42117,66.0
42119,84.0
42121,63.0
42123,26.0
42125,488.0
42127,96.0
42129,798.0
42131,127.0
42133,1058.0
44001,99.0
44003,334.0
44005,160.0
44007,1267.0
44009,203.0
45001,29.0
45003,116.0
45005,5.0
45007,313.0
45009,12.0
45011,13.0
45013,126.0
45015,277.0
45017,4.0
45019,541.0
45021,68.0
45023,40.0
45025,35.0
45027,12.0
45029,27.0
45031,35.0
45033,60.0
45035,251.0
45037,26.0
45039,24.0
45041,53.0
45043,49.0
45045,1338.0
45047,94.0
45049,30.0
45051,425.0
45053,19.0
45055,74.0
45057,122.0
45059,158.0
45061,9.0
45063,356.0
45065,13.0
45067,39.0
45069,26.0
45071,44.0
45073,138.0
45075,97.0
45077,269.0
45079,539.0
45081,12.0
45083,885.0
45085,53.0
45087,65.0
45089,6.0
45091,434.0
46003,2.0
46005,15.0
46007,0.0
46009,2.0
46011,101.0
46013,58.0
46015,3.0
46017,0.0
46019,4.0
46021,0.0
46023,15.0
46025,13.0
46027,20.0
46029,41.0
46031,1.0
46033,8.0
46035,53.0
46037,-5.0
46039,6.0
46041,7.0
46043,5.0
46045,3.0
46047,4.0
46049,2.0
46051,4.0
46053,2.0
46055,0.0
46057,11.0
46059,0.0
46061,4.0
46063,0.0
46065,21.0
46067,30.0
46069,2.0
46071,1.0
46073,-1.0
46075,2.0
46077,30.0
46079,20.0
46081,10.0
46083,116.0
46085,5.0
46087,18.0
46089,0.0
46091,0.0
46093,13.0
46095,-1.0
46097,7.0
46099,507.0
46101,3.0
46102,7.0
46103,49.0
46105,1.0
46107,1.0
46109,18.0
46111,3.0
46115,5.0
46117,0.0
46119,1.0
46121,-1.0
46123,8.0
46125,6.0
46127,42.0
46129,9.0
46135,39.0
46137,3.0
47001,68.0
47003,111.0
47005,31.0
47007,5.0
47009,88.0
47011,180.0
47013,35.0
47015,16.0
47017,15.0
47019,72.0
47021,105.0
47023,13.0
47025,36.0
47027,4.0
47029,47.0
47031,64.0
47033,4.0
47035,95.0
47037,879.0
47039,4.0
47041,12.0
47043,98.0
47045,18.0
47047,34.0
47049,15.0
47051,54.0
47053,49.0
47055,37.0
47057,24.0
47059,94.0
47061,10.0
47063,47.0
47065,390.0
47067,8.0
47069,12.0
47071,34.0
47073,80.0
47075,5.0
47077,16.0
47079,14.0
47081,25.0
47083,9.0
47085,41.0
47087,6.0
47089,38.0
47091,15.0
47093,459.0
47095,9.0
47097,7.0
47099,42.0
47101,20.0
47103,33.0
47105,38.0
47107,59.0
47109,12.0
47111,59.0
47113,153.0
47115,19.0
47117,31.0
47119,147.0
47121,8.0
47123,58.0
47125,298.0
47127,11.0
47129,18.0
47131,22.0
47133,21.0
47135,2.0
47137,1.0
47139,34.0
47141,81.0
47143,26.0
47145,37.0
47147,106.0
47149,494.0
47151,35.0
47153,16.0
47155,126.0
47157,787.0
47159,24.0
47161,13.0
47163,256.0
47165,291.0
47167,41.0
47169,24.0
47171,13.0
47173,10.0
47175,7.0
47177,47.0
47179,275.0
47181,8.0
47183,51.0
47185,27.0
47187,284.0
47189,215.0
48001,-33.0
48003,0.0
48005,49.0
48007,21.0
48009,2.0
48011,3.0
48013,28.0
48015,47.0
48017,-17.0
48019,9.0
48021,116.0
48023,0.0
48025,-13.0
48027,234.0
48029,2586.0
48031,4.0
48033,0.0
48035,5.0
48037,50.0
48039,414.0
48041,368.0
48043,10.0
48045,0.0
48047,4.0
48049,8.0
48051,26.0
48053,37.0
48055,51.0
48057,45.0
48059,8.0
48061,368.0
48063,4.0
48065,-5.0
48067,20.0
48069,7.0
48071,60.0
48073,13.0
48075,-20.0
48077,5.0
48079,0.0
48081,3.0
48083,2.0
48085,852.0
48087,8.0
48089,16.0
48091,89.0
48093,5.0
48095,7.0
48097,19.0
48099,31.0
48101,0.0
48103,4.0
48105,1.0
48107,-3.0
48109,3.0
48111,5.0
48113,2095.0
48115,0.0
48117,-9.0
48119,2.0
48121,588.0
48123,-1.0
48125,4.0
48127,93.0
48129,4.0
48131,0.0
48133,6.0
48135,54.0
48137,0.0
48139,168.0
48141,1115.0
48143,35.0
48145,12.0
48147,28.0
48149,50.0
48151,1.0
48153,-1.0
48155,0.0
48157,765.0
48159,2.0
48161,10.0
48163,13.0
48165,0.0
48167,473.0
48169,0.0
48171,8.0
48173,1.0
48175,1.0
48177,6.0
48179,12.0
48181,50.0
48183,34.0
48185,39.0
48187,149.0
48189,4.0
48191,8.0
48193,1.0
48195,2.0
48197,1.0
48199,51.0
48201,5688.0
48203,31.0
48205,5.0
48207,2.0
48209,193.0
48211,10.0
48213,13.0
48215,526.0
48217,29.0
48219,17.0
48221,26.0
48223,22.0
48225,4.0
48227,2.0
48229,0.0
48231,0.0
48233,9.0
48235,-1.0
48237,-6.0
48239,20.0
48241,23.0
48243,3.0
48245,143.0
48247,1.0
48249,21.0
48251,145.0
48253,-12.0
48255,96.0
48257,103.0
48259,31.0
48261,0.0
48263,1.0
48265,19.0
48267,1.0
48269,0.0
48271,2.0
48273,43.0
48275,0.0
48277,12.0
48279,14.0
48281,9.0
48283,26.0
48285,24.0
48287,22.0
48289,10.0
48291,38.0
48293,12.0
48295,1.0
48297,0.0
48299,10.0
48301,0.0
48303,105.0
48305,0.0
48307,6.0
48309,214.0
48311,0.0
48313,8.0
48315,0.0
48317,2.0
48319,0.0
48321,103.0
48323,35.0
48325,40.0
48327,-2.0
48329,91.0
48331,23.0
48333,4.0
48335,0.0
48337,14.0
48339,773.0
48341,3.0
48343,2.0
48345,1.0
48347,33.0
48349,39.0
48351,2.0
48353,5.0
48355,384.0
48357,4.0
48359,2.0
48361,-11.0
48363,19.0
48365,6.0
48367,87.0
48369,21.0
48371,6.0
48373,18.0
48375,74.0
48377,7.0
48379,1.0
48381,70.0
48383,1.0
48385,2.0
48387,2.0
48389,2.0
48391,1.0
48393,0.0
48395,7.0
48397,113.0
48399,6.0
48401,32.0
48403,2.0
48405,3.0
48407,18.0
48409,83.0
48411,2.0
48413,0.0
48415,4.0
48417,0.0
48419,18.0
48421,0.0
48423,119.0
48425,3.0
48427,49.0
48429,-1.0
48431,0.0
48433,0.0
48435,4.0
48437,9.0
48439,1285.0
48441,32.0
48443,0.0
48445,0.0
48447,0.0
48449,7.0
48451,40.0
48453,722.0
48455,5.0
48457,18.0
48459,15.0
48461,0.0
48463,24.0
48465,21.0
48467,27.0
48469,85.0
48471,111.0
48473,50.0
48475,1.0
48477,49.0
48479,56.0
48481,28.0
48483,-8.0
48485,34.0
48487,8.0
48489,12.0
48491,500.0
48493,19.0
48495,9.0
48497,46.0
48499,12.0
48501,0.0
48503,8.0
48505,4.0
48507,8.0
49011,273.0
49035,1048.0
49037,3.0
49043,78.0
49045,58.0
49049,506.0
49051,34.0
50001,37.0
50003,56.0
50005,118.0
50007,455.0
50009,7.0
50011,92.0
50013,8.0
50015,48.0
50017,20.0
50019,92.0
50021,171.0
50023,48.0
50025,47.0
50027,56.0
51001,25.0
51003,76.0
51005,5.0
51007,8.0
51009,19.0
51011,7.0
51013,277.0
51015,26.0
51017,0.0
51019,67.0
51021,10.0
51023,28.0
51025,19.0
51027,1.0
51029,11.0
51031,31.0
51033,70.0
51035,69.0
51036,18.0
51037,6.0
51041,410.0
51043,13.0
51045,8.0
51047,59.0
51049,5.0
51051,7.0
51053,27.0
51057,13.0
51059,1127.0
51061,80.0
51063,16.0
51065,26.0
51067,44.0
51069,128.0
51071,16.0
51073,35.0
51075,27.0
51077,29.0
51079,37.0
51081,29.0
51083,41.0
51085,192.0
51087,493.0
51089,45.0
51091,7.0
51093,75.0
51095,104.0
51097,15.0
51099,25.0
51101,37.0
51103,7.0
51105,13.0
51107,528.0
51109,23.0
51111,8.0
51113,6.0
51115,3.0
51117,26.0
51119,6.0
51121,114.0
51125,12.0
51127,24.0
51131,24.0
51133,9.0
51135,8.0
51137,34.0
51139,11.0
51141,5.0
51143,64.0
51145,32.0
51147,14.0
51149,66.0
51153,679.0
51155,30.0
51157,5.0
51159,-15.0
51161,96.0
51163,8.0
51165,62.0
51167,41.0
51169,32.0
51171,46.0
51173,45.0
51175,15.0
51177,157.0
51179,182.0
51181,4.0
51183,6.0
51185,47.0
51187,81.0
51191,62.0
51193,23.0
51195,28.0
51197,139.0
51199,93.0
51510,146.0
51520,32.0
51530,2.0
51540,60.0
51550,274.0
51570,28.0
51580,3.0
51590,12.0
51595,8.0
51600,13.0
51610,8.0
51620,15.0
51630,34.0
51640,39.0
51650,223.0
51660,82.0
51670,59.0
51678,1.0
51680,125.0
51683,35.0
51685,4.0
51690,10.0
51700,358.0
51710,334.0
51720,5.0
51730,56.0
51735,20.0
51740,128.0
51750,25.0
51760,333.0
51770,100.0
51775,15.0
51790,16.0
51800,125.0
51810,556.0
51820,22.0
51830,79.0
51840,46.0
53001,19.0
53003,18.0
53005,174.0
53007,85.0
53009,26.0
53011,367.0
53013,0.0
53015,195.0
53017,60.0
53019,5.0
53021,105.0
53023,0.0
53025,83.0
53027,30.0
53029,21.0
53031,3.0
53033,2305.0
53035,241.0
53037,63.0
53039,4.0
53041,75.0
53043,28.0
53045,44.0
53047,28.0
53049,8.0
53051,9.0
53053,1308.0
53055,5.0
53057,56.0
53059,2.0
53061,713.0
53063,561.0
53065,46.0
53067,182.0
53069,1.0
53071,30.0
53073,170.0
53075,67.0
53077,370.0
54001,5.0
54003,356.0
54005,33.0
54007,9.0
54009,19.0
54011,120.0
54013,6.0
54015,20.0
54017,6.0
54019,121.0
54021,3.0
54023,18.0
54025,38.0
54027,33.0
54029,12.0
54031,24.0
54033,82.0
54035,40.0
54037,169.0
54039,391.0
54041,19.0
54043,14.0
54045,29.0
54047,14.0
54049,70.0
54051,27.0
54053,29.0
54055,51.0
54057,36.0
54059,52.0
54061,127.0
54063,16.0
54065,37.0
54067,33.0
54069,78.0
54071,17.0
54073,2.0
54075,9.0
54077,34.0
54079,110.0
54081,306.0
54083,21.0
54085,4.0
54087,24.0
54089,12.0
54091,14.0
54093,3.0
54095,2.0
54097,26.0
54099,39.0
54101,13.0
54103,32.0
54105,2.0
54107,65.0
54109,31.0
55001,17.0
55003,12.0
55005,21.0
55007,22.0
55009,227.0
55011,3.0
55013,7.0
55015,44.0
55017,20.0
55019,7.0
55021,37.0
55023,2.0
55025,339.0
55027,36.0
55029,25.0
55031,67.0
55033,76.0
55035,56.0
55037,1.0
55039,39.0
55041,2.0
55043,46.0
55045,52.0
55047,7.0
55049,5.0
55051,3.0
55053,1.0
55055,86.0
55057,9.0
55059,131.0
55061,11.0
55063,56.0
55065,16.0
55067,2.0
55069,27.0
55071,30.0
55073,85.0
55075,12.0
55077,6.0
55078,0.0
55079,948.0
55081,19.0
55083,21.0
55085,28.0
55087,228.0
55089,57.0
55091,0.0
55093,55.0
55095,23.0
55097,24.0
55099,10.0
55101,191.0
55103,4.0
55105,208.0
55107,3.0
55109,172.0
55111,53.0
55113,17.0
55115,17.0
55117,101.0
55119,10.0
55121,30.0
55123,13.0
55125,11.0
55127,131.0
55129,8.0
55131,119.0
55133,501.0
55135,34.0
55137,6.0
55139,147.0
55141,22.0
56001,23.0
56003,4.0
56005,13.0
56007,1.0
56009,1.0
56011,2.0
56013,37.0
56015,2.0
56017,0.0
56019,1.0
56021,95.0
56023,29.0
56025,23.0
56027,0.0
56029,-2.0
56031,4.0
56033,19.0
56035,17.0
56037,47.0
56039,62.0
56041,20.0
56043,1.0
56045,2.0
49001,11.0
49003,51.0
49005,122.0
49007,18.0
49009,0.0
49013,21.0
49015,3.0
49017,3.0
49019,14.0
49021,63.0
49023,6.0
49025,12.0
49027,5.0
49029,25.0
49031,-1.0
49033,4.0
49039,16.0
49041,16.0
49047,29.0
49053,95.0
49055,0.0
49057,350.0
